Workbook

Sheet Resumen
A1: Mis Bots Polymarket — Tracking diario
A2: Inicio: 3 junio 2026 · $100 por bot · $500 total inicial · stake $10 por trade
A4: 📊 Totales globales
A5: Métrica | B5: Valor
A6: Días operando | B6: =SUMPRODUCT(--('Día a día'!W3:W32<>0))
A7: Trades totales (todos los bots) | B7: =SUM('Día a día'!C2:C32)+SUM('Día a día'!G2:G32)+SUM('Día a día'!K2:K32)+SUM('Día a día'!O2:O32)+SUM('Día a día'!S2:S32)
A8: Profit acumulado total | B8: =SUM('Día a día'!W3:W32)
A9: Bankroll actual total | B9: =IFERROR(LOOKUP(2,1/('Día a día'!X2:X32<>""),'Día a día'!X2:X32),500.0)
A10: ROI total | B10: =IFERROR(LOOKUP(2,1/('Día a día'!X2:X32<>""),'Día a día'!X2:X32)/500.0-1,0)
A11: Mejor día (PnL) | B11: =IFERROR(MAX('Día a día'!W3:W32),0)
A12: Peor día (PnL) | B12: =IFERROR(MIN('Día a día'!W3:W32),0)
A13: Días positivos | B13: =COUNTIF('Día a día'!W3:W32,">0")
A14: Días negativos | B14: =COUNTIF('Día a día'!W3:W32,"<0")
A17: 🤖 Comparativa por bot
A18: Bot | B18: Bankroll inicial | C18: Bankroll actual | D18: Profit | E18: Trades | F18: WR ponderado | G18: DD máx (aprox)
A19: V1 Alerts | B19: 100 | C19: =IFERROR(LOOKUP(2,1/('Día a día'!F2:F32<>""),'Día a día'!F2:F32),100.0) | D19: =SUM('Día a día'!E3:E32) | E19: =SUM('Día a día'!C3:C32) | F19: =IFERROR(SUMPRODUCT(IF(ISNUMBER('Día a día'!D3:D32),'Día a día'!D3:D32*'Día a día'!C3:C32,0))/SUMPRODUCT(IF(ISNUMBER('Día a día'!D3:D32),'Día a día'!C3:C32,0)),0) | G19: =IFERROR(MIN('Día a día'!F2:F32)-100.0,0)
A20: V2B Selective | B20: 100 | C20: =IFERROR(LOOKUP(2,1/('Día a día'!J2:J32<>""),'Día a día'!J2:J32),100.0) | D20: =SUM('Día a día'!I3:I32) | E20: =SUM('Día a día'!G3:G32) | F20: =IFERROR(SUMPRODUCT(IF(ISNUMBER('Día a día'!H3:H32),'Día a día'!H3:H32*'Día a día'!G3:G32,0))/SUMPRODUCT(IF(ISNUMBER('Día a día'!H3:H32),'Día a día'!G3:G32,0)),0) | G20: =IFERROR(MIN('Día a día'!J2:J32)-100.0,0)
A21: V4A Endgame 30pp | B21: 100 | C21: =IFERROR(LOOKUP(2,1/('Día a día'!N2:N32<>""),'Día a día'!N2:N32),100.0) | D21: =SUM('Día a día'!M3:M32) | E21: =SUM('Día a día'!K3:K32) | F21: =IFERROR(SUMPRODUCT(IF(ISNUMBER('Día a día'!L3:L32),'Día a día'!L3:L32*'Día a día'!K3:K32,0))/SUMPRODUCT(IF(ISNUMBER('Día a día'!L3:L32),'Día a día'!K3:K32,0)),0) | G21: =IFERROR(MIN('Día a día'!N2:N32)-100.0,0)
A22: V4B Endgame 40pp | B22: 100 | C22: =IFERROR(LOOKUP(2,1/('Día a día'!R2:R32<>""),'Día a día'!R2:R32),100.0) | D22: =SUM('Día a día'!Q3:Q32) | E22: =SUM('Día a día'!O3:O32) | F22: =IFERROR(SUMPRODUCT(IF(ISNUMBER('Día a día'!P3:P32),'Día a día'!P3:P32*'Día a día'!O3:O32,0))/SUMPRODUCT(IF(ISNUMBER('Día a día'!P3:P32),'Día a día'!O3:O32,0)),0) | G22: =IFERROR(MIN('Día a día'!R2:R32)-100.0,0)
A23: V4C SOL-only | B23: 100 | C23: =IFERROR(LOOKUP(2,1/('Día a día'!V2:V32<>""),'Día a día'!V2:V32),100.0) | D23: =SUM('Día a día'!U3:U32) | E23: =SUM('Día a día'!S3:S32) | F23: =IFERROR(SUMPRODUCT(IF(ISNUMBER('Día a día'!T3:T32),'Día a día'!T3:T32*'Día a día'!S3:S32,0))/SUMPRODUCT(IF(ISNUMBER('Día a día'!T3:T32),'Día a día'!S3:S32,0)),0) | G23: =IFERROR(MIN('Día a día'!V2:V32)-100.0,0)
A26: 🎯 Objetivos
A27: Periodo | B27: Objetivo | C27: Detalle
A28: Mes 1 (jun) | B28: Validar bots en vivo — NO retirar nada | C28: Comparar WR/PnL real vs backtest. Ajustar filtros si hace falta.
A29: Mes 2 (jul) | B29: Empezar retiros del 50% de las ganancias | C29: Mantener bankroll base. Retirar excedente cada domingo.
A30: Mes 3+ (ago →) | B30: Escalar V4A si rinde como el backtest | C30: Subir stake gradualmente en el bot top performer.

Sheet Día a día
A1: Fecha | B1: Día | C1: V1 Trades | D1: V1 WR % | E1: V1 PnL día | F1: V1 Bankroll | G1: V2B Trades | H1: V2B WR % | I1: V2B PnL día | J1: V2B Bankroll | K1: V4A Trades | L1: V4A WR % | M1: V4A PnL día | N1: V4A Bankroll | O1: V4B Trades | P1: V4B WR % | Q1: V4B PnL día | R1: V4B Bankroll | S1: V4C Trades | T1: V4C WR % | U1: V4C PnL día | V1: V4C Bankroll | W1: TOTAL PnL día | X1: TOTAL Bankroll | Y1: Notas
A2: 46176 | B2: Mié | C2: 0 | E2: 0 | F2: 100 | G2: 0 | I2: 0 | J2: 100 | K2: 0 | M2: 0 | N2: 100 | O2: 0 | Q2: 0 | R2: 100 | S2: 0 | U2: 0 | V2: 100 | W2: 0 | X2: 500 | Y2: Día 0 — arranque con $100 por bot
A3: 46177 | B3: Jue | F3: =F2+IF(ISBLANK(E3),0,E3) | J3: =J2+IF(ISBLANK(I3),0,I3) | N3: =N2+IF(ISBLANK(M3),0,M3) | R3: =R2+IF(ISBLANK(Q3),0,Q3) | V3: =V2+IF(ISBLANK(U3),0,U3) | W3: =IF(ISBLANK(E3),0,E3)+IF(ISBLANK(I3),0,I3)+IF(ISBLANK(M3),0,M3)+IF(ISBLANK(Q3),0,Q3)+IF(ISBLANK(U3),0,U3) | X3: =F3+J3+N3+R3+V3
A4: 46178 | B4: Vie | F4: =F3+IF(ISBLANK(E4),0,E4) | J4: =J3+IF(ISBLANK(I4),0,I4) | N4: =N3+IF(ISBLANK(M4),0,M4) | R4: =R3+IF(ISBLANK(Q4),0,Q4) | V4: =V3+IF(ISBLANK(U4),0,U4) | W4: =IF(ISBLANK(E4),0,E4)+IF(ISBLANK(I4),0,I4)+IF(ISBLANK(M4),0,M4)+IF(ISBLANK(Q4),0,Q4)+IF(ISBLANK(U4),0,U4) | X4: =F4+J4+N4+R4+V4
A5: 46179 | B5: Sáb | F5: =F4+IF(ISBLANK(E5),0,E5) | J5: =J4+IF(ISBLANK(I5),0,I5) | N5: =N4+IF(ISBLANK(M5),0,M5) | R5: =R4+IF(ISBLANK(Q5),0,Q5) | V5: =V4+IF(ISBLANK(U5),0,U5) | W5: =IF(ISBLANK(E5),0,E5)+IF(ISBLANK(I5),0,I5)+IF(ISBLANK(M5),0,M5)+IF(ISBLANK(Q5),0,Q5)+IF(ISBLANK(U5),0,U5) | X5: =F5+J5+N5+R5+V5
A6: 46180 | B6: Dom | F6: =F5+IF(ISBLANK(E6),0,E6) | J6: =J5+IF(ISBLANK(I6),0,I6) | N6: =N5+IF(ISBLANK(M6),0,M6) | R6: =R5+IF(ISBLANK(Q6),0,Q6) | V6: =V5+IF(ISBLANK(U6),0,U6) | W6: =IF(ISBLANK(E6),0,E6)+IF(ISBLANK(I6),0,I6)+IF(ISBLANK(M6),0,M6)+IF(ISBLANK(Q6),0,Q6)+IF(ISBLANK(U6),0,U6) | X6: =F6+J6+N6+R6+V6
A7: 46181 | B7: Lun | F7: =F6+IF(ISBLANK(E7),0,E7) | J7: =J6+IF(ISBLANK(I7),0,I7) | N7: =N6+IF(ISBLANK(M7),0,M7) | R7: =R6+IF(ISBLANK(Q7),0,Q7) | V7: =V6+IF(ISBLANK(U7),0,U7) | W7: =IF(ISBLANK(E7),0,E7)+IF(ISBLANK(I7),0,I7)+IF(ISBLANK(M7),0,M7)+IF(ISBLANK(Q7),0,Q7)+IF(ISBLANK(U7),0,U7) | X7: =F7+J7+N7+R7+V7
A8: 46182 | B8: Mar | F8: =F7+IF(ISBLANK(E8),0,E8) | J8: =J7+IF(ISBLANK(I8),0,I8) | N8: =N7+IF(ISBLANK(M8),0,M8) | R8: =R7+IF(ISBLANK(Q8),0,Q8) | V8: =V7+IF(ISBLANK(U8),0,U8) | W8: =IF(ISBLANK(E8),0,E8)+IF(ISBLANK(I8),0,I8)+IF(ISBLANK(M8),0,M8)+IF(ISBLANK(Q8),0,Q8)+IF(ISBLANK(U8),0,U8) | X8: =F8+J8+N8+R8+V8
A9: 46183 | B9: Mié | F9: =F8+IF(ISBLANK(E9),0,E9) | J9: =J8+IF(ISBLANK(I9),0,I9) | N9: =N8+IF(ISBLANK(M9),0,M9) | R9: =R8+IF(ISBLANK(Q9),0,Q9) | V9: =V8+IF(ISBLANK(U9),0,U9) | W9: =IF(ISBLANK(E9),0,E9)+IF(ISBLANK(I9),0,I9)+IF(ISBLANK(M9),0,M9)+IF(ISBLANK(Q9),0,Q9)+IF(ISBLANK(U9),0,U9) | X9: =F9+J9+N9+R9+V9
A10: 46184 | B10: Jue | F10: =F9+IF(ISBLANK(E10),0,E10) | J10: =J9+IF(ISBLANK(I10),0,I10) | N10: =N9+IF(ISBLANK(M10),0,M10) | R10: =R9+IF(ISBLANK(Q10),0,Q10) | V10: =V9+IF(ISBLANK(U10),0,U10) | W10: =IF(ISBLANK(E10),0,E10)+IF(ISBLANK(I10),0,I10)+IF(ISBLANK(M10),0,M10)+IF(ISBLANK(Q10),0,Q10)+IF(ISBLANK(U10),0,U10) | X10: =F10+J10+N10+R10+V10
A11: 46185 | B11: Vie | F11: =F10+IF(ISBLANK(E11),0,E11) | J11: =J10+IF(ISBLANK(I11),0,I11) | N11: =N10+IF(ISBLANK(M11),0,M11) | R11: =R10+IF(ISBLANK(Q11),0,Q11) | V11: =V10+IF(ISBLANK(U11),0,U11) | W11: =IF(ISBLANK(E11),0,E11)+IF(ISBLANK(I11),0,I11)+IF(ISBLANK(M11),0,M11)+IF(ISBLANK(Q11),0,Q11)+IF(ISBLANK(U11),0,U11) | X11: =F11+J11+N11+R11+V11
A12: 46186 | B12: Sáb | F12: =F11+IF(ISBLANK(E12),0,E12) | J12: =J11+IF(ISBLANK(I12),0,I12) | N12: =N11+IF(ISBLANK(M12),0,M12) | R12: =R11+IF(ISBLANK(Q12),0,Q12) | V12: =V11+IF(ISBLANK(U12),0,U12) | W12: =IF(ISBLANK(E12),0,E12)+IF(ISBLANK(I12),0,I12)+IF(ISBLANK(M12),0,M12)+IF(ISBLANK(Q12),0,Q12)+IF(ISBLANK(U12),0,U12) | X12: =F12+J12+N12+R12+V12
A13: 46187 | B13: Dom | F13: =F12+IF(ISBLANK(E13),0,E13) | J13: =J12+IF(ISBLANK(I13),0,I13) | N13: =N12+IF(ISBLANK(M13),0,M13) | R13: =R12+IF(ISBLANK(Q13),0,Q13) | V13: =V12+IF(ISBLANK(U13),0,U13) | W13: =IF(ISBLANK(E13),0,E13)+IF(ISBLANK(I13),0,I13)+IF(ISBLANK(M13),0,M13)+IF(ISBLANK(Q13),0,Q13)+IF(ISBLANK(U13),0,U13) | X13: =F13+J13+N13+R13+V13
A14: 46188 | B14: Lun | F14: =F13+IF(ISBLANK(E14),0,E14) | J14: =J13+IF(ISBLANK(I14),0,I14) | N14: =N13+IF(ISBLANK(M14),0,M14) | R14: =R13+IF(ISBLANK(Q14),0,Q14) | V14: =V13+IF(ISBLANK(U14),0,U14) | W14: =IF(ISBLANK(E14),0,E14)+IF(ISBLANK(I14),0,I14)+IF(ISBLANK(M14),0,M14)+IF(ISBLANK(Q14),0,Q14)+IF(ISBLANK(U14),0,U14) | X14: =F14+J14+N14+R14+V14
... A32: 46206 | B32: Vie | F32: =F31+IF(ISBLANK(E32),0,E32) | J32: =J31+IF(ISBLANK(I32),0,I32) | N32: =N31+IF(ISBLANK(M32),0,M32) | R32: =R31+IF(ISBLANK(Q32),0,Q32) | V32: =V31+IF(ISBLANK(U32),0,U32) | W32: =IF(ISBLANK(E32),0,E32)+IF(ISBLANK(I32),0,I32)+IF(ISBLANK(M32),0,M32)+IF(ISBLANK(Q32),0,Q32)+IF(ISBLANK(U32),0,U32) | X32: =F32+J32+N32+R32+V32

Sheet Bots
A1: ⚙️ Configuración de los 5 bots
A2: Cifras esperadas según backtest de mayo 2026. La realidad puede variar — usar como referencia.
A4: Nombre | B4: Threshold | C4: Filtros | D4: WR esperado | E4: Profit esp. mensual | F4: DD máx esp. | G4: Trades/día | H4: Notas
A5: V1 Alerts | B5: 5pp | C5: Sin filtros (24/7) | D5: 0.545 | E5: 2600 | F5: -0.52 | G5: 76 | H5: Alto volumen, alto riesgo. Validar drawdown real.
A6: V2B Selective | B6: 10pp | C6: Skip 21/23 UTC + skip sábado + vol min $5k | D6: 0.582 | E6: 810 | F6: -0.23 | G6: 12 | H6: Más selectivo, mejor WR esperado.
A7: V4A Endgame 30pp | B7: 30pp | C7: Últimos 5 min del mercado | D7: 0.638 | E7: 680 | F7: -0.1 | G7: 8 | H7: Endgame: mucha edge en cierre. DD bajo.
A8: V4B Endgame 40pp | B8: 40pp | C8: Últimos 5 min, threshold más alto | D8: 0.66 | E8: 304 | F8: -0.08 | G8: 3 | H8: Versión tight. Pocos trades pero alta WR.
A9: V4C SOL-only | B9: 30pp | C9: Últimos 5 min, sólo mercados SOL | D9: 0.675 | E9: 183 | F9: -0.07 | G9: 2 | H9: Nicho SOL. Pocos trades. Buen edge histórico.

Sheet Backtest Mayo 2026
A1: 🗓️ Backtest detallado — Mayo 2026
A2: Resultados simulados con stake $10, bankroll inicial $100 por bot, datos reales de Polymarket de mayo 2026.
A4: Bot | B4: Trades | C4: WR % | D4: Profit USD | E4: Bankroll final | F4: ROI % | G4: Mejor trade | H4: Peor trade | I4: DD máx USD | J4: DD máx % | K4: Días + | L4: Días - | M4: Profit Factor
A5: V1 Alerts (5pp, sin filtros) | B5: 2235 | C5: 0.53512304 | D5: 3441.34 | E5: 3541.34 | F5: 34.413364 | G5: 37.41 | H5: -10.21 | I5: -200.2 | J5: -0.073472841 | K5: 24 | L5: 2 | M5: 1.32
A6: V2B Selective (10pp + skip) | B6: 332 | C6: 0.53915663 | D6: 598.8 | E6: 698.8 | F6: 5.988025 | G6: 33.27 | H6: -10.21 | I6: -138.88 | J6: -0.20492278 | K6: 17 | L6: 5 | M6: 1.38
A7: V4A Endgame 30pp | B7: 158 | C7: 0.60126582 | D7: 3430.86 | E7: 3530.86 | F7: 34.308554 | G7: 489.8 | H7: -10.21 | I7: -61.23 | J7: -0.019392586 | K7: 22 | L7: 3 | M7: 6.34
A8: V4B Endgame 40pp | B8: 54 | C8: 0.72222222 | D8: 1854.42 | E8: 1954.42 | F8: 18.544216 | G8: 489.8 | H8: -10.21 | I8: -40.82 | J8: -0.022218302 | K8: 18 | L8: 2 | M8: 13.11
A9: V4C SOL-only 30pp | B9: 40 | C9: 0.55 | D9: 532.57 | E9: 632.57 | F9: 5.32571 | G9: 189.79 | H9: -10.21 | I9: -46.94 | J9: -0.14570824 | K9: 14 | L9: 8 | M9: 3.9
